<?xml version="1.0" encoding="utf-8"?>
<odoo noupdate="1">
    <record id="payment_payment_acquirer_ipay" model="payment.acquirer">
        <field name="name">iPay</field>
        <field name="provider">ipay</field>
        <field name="company_id" ref="base.main_company"/>
        <field name="view_template_id" ref="ipay_form"/>
        <field name="pre_msg"><![CDATA[
<p>You will be redirected to the iPay Gateway after clicking on the payment button.</p>]]></field>
        <field name="_ipay_live"/>
        <field name="_ipay_vendor_id">demo</field>
        <field name="_ipay_key">demoCHANGED</field>
        <field name="_autopay"/>
        <field name="description" type="html">
            <p>
                Payment Acquirer that uses the iPay Gateway
            </p>
            <p>
                <i class="fa fa-check"/>Online Payment
            </p>
        </field>
    </record>
</odoo>
